sqft,bedrooms,bathrooms,year_built,neighborhood,has_garage,price
1748.3570765056163,2,1.5,,downtown,True,255444.45652314802
1430.8678494144076,2,1.0,1996.0,suburb,True,283204.8026204612
1823.8442690503462,3,2.5,2021.0,rural,True,399594.10989884124
2261.514928204013,3,3.0,1995.0,downtown,False,409608.63295830257
1382.923312638332,5,1.0,2017.0,downtown,True,360712.45589767967
1382.9315215254096,5,1.0,1982.0,downtown,False,293938.3327908428
2289.6064077536957,1,2.0,1950.0,industrial,False,365101.77004145004
1883.7173645764544,1,3.0,1968.0,rural,False,327367.25984960474
1265.262807032524,5,1.5,1980.0,rural,False,286260.15881076216
1771.2800217929823,5,2.5,1963.0,suburb,False,397016.25146374083
1268.291153593769,4,1.5,2002.0,rural,True,305548.33465563174
1267.1351232148716,3,3.0,1997.0,rural,True,229114.3092850853
1620.981135783017,1,1.0,2018.0,downtown,True,314277.37765379716
543.359877671101,3,1.0,2011.0,suburb,False,100129.22200959493
637.5410837434836,3,3.0,2015.0,rural,True,227107.54869177224
1218.8562353795137,5,1.0,2013.0,industrial,True,326129.58941175457
993.5844398327881,4,1.0,2019.0,rural,True,208808.6730684623
1657.1236662976369,2,1.0,2012.0,downtown,True,285244.12130600796
1045.9879622393946,4,2.5,2022.0,industrial,True,240227.05428133113
793.8481493323543,4,2.5,1982.0,downtown,False,209129.5914911911
2232.824384460777,3,2.0,1990.0,rural,True,398682.6291435443
1387.1118497567322,4,1.5,1997.0,industrial,False,320456.59343159
1533.764102343962,1,3.0,1962.0,suburb,False,303373.8777351825
787.6259068932716,3,3.0,,suburb,False,264014.4003576894
1227.8086377374086,1,3.0,1980.0,industrial,False,210306.25486326223
1555.461294854933,2,2.0,2017.0,industrial,False,293542.5380159041
924.5032112888485,3,2.5,1953.0,downtown,True,150172.33592669878
1687.849009172836,2,2.0,1968.0,industrial,True,271001.24938103976
1199.6806550405975,3,3.0,2019.0,downtown,True,311397.64724901336
1354.1531251033616,5,1.5,1962.0,rural,False,343090.4534719512
1199.1466938853016,4,1.0,1972.0,downtown,True,211841.53792639758
2426.139092254469,5,2.5,1950.0,industrial,True,446646.9360635835
1493.2513876310331,2,2.5,2003.0,industrial,False,290195.53543588717
971.1445355220499,4,2.0,2020.0,rural,False,262076.5150928957
1911.2724560515944,3,2.5,1964.0,industrial,False,329902.76281008974
889.5781750144889,4,3.0,2014.0,industrial,False,266158.55758609605
1604.4317975023778,1,3.0,2020.0,suburb,True,289449.5892132292
520.1649380601123,4,2.0,1964.0,suburb,False,157591.17258266849
835.9069755507848,1,3.0,1970.0,rural,False,179774.57377272868
1598.4306179345617,4,1.5,1968.0,downtown,True,314457.2607845124
1869.2332899977052,1,2.0,2009.0,suburb,True,309793.41678385873
1585.6841405949854,2,1.5,,downtown,False,276064.3269714729
1442.1758588058797,5,1.0,1998.0,industrial,True,315675.49004472187
1349.4481522053557,3,1.5,,suburb,False,253816.89193433954
760.7390048162863,4,1.0,1993.0,rural,False,185846.9688424299
1140.0778958026458,5,1.0,1960.0,rural,True,301971.0994855384
1269.6806145201062,3,1.5,2021.0,rural,True,288279.6756162531
2028.561113109458,3,2.0,2023.0,suburb,False,384919.75742554385
1671.8091447842307,1,3.0,2015.0,downtown,False,332180.0038529567
618.479922318633,2,3.0,1995.0,industrial,False,153257.40365511467
1662.0419846973975,2,1.0,1958.0,downtown,True,306500.03683220886
1307.4588597918419,5,1.0,1952.0,downtown,False,286208.0947347191
1161.5389998470207,2,2.0,1975.0,industrial,False,216511.78565692625
1805.838144420434,4,2.5,2021.0,industrial,False,400307.2294373734
2015.4997612479756,2,1.5,1997.0,suburb,False,304198.6796251414
1965.6400595580992,5,1.0,2015.0,suburb,False,371542.98486642074
1080.3912383886807,2,3.0,2019.0,suburb,True,208740.93556633044
1345.3938120743928,4,2.0,1977.0,suburb,False,292597.3646540701
1665.631715701782,1,1.5,1975.0,suburb,False,319820.20733982004
1987.7725635611796,5,2.0,1974.0,industrial,False,470104.88891995593
1260.412881077355,1,1.5,1961.0,downtown,False,219203.46520482594
1407.1705116680914,1,1.5,1954.0,suburb,True,233600.91099854742
946.8325129969859,1,1.0,1997.0,suburb,True,109493.14492496572
901.8966879596646,3,2.0,1986.0,downtown,True,190004.28920192906
1906.2629111970991,3,2.0,1993.0,suburb,False,336805.9241223177
2178.1200142854113,1,3.0,1964.0,downtown,False,343092.5741952782
1463.994939209833,5,3.0,1992.0,downtown,True,343554.92632393126
2001.7664489460121,4,1.0,1997.0,industrial,True,367602.250010988
1680.818012523817,4,1.0,2019.0,rural,True,285243.70756729896
1177.4401226974378,2,2.5,1995.0,industrial,False,262053.32608814168
1680.697802754207,5,3.0,1992.0,rural,False,348922.37964093685
2269.0182832329847,3,1.5,1970.0,rural,True,403030.1484082822
1482.0869804450242,1,2.0,1972.0,rural,True,308535.5271592528
2282.3218279070034,2,1.0,1996.0,suburb,True,355766.7364384578
300.0,4,2.0,1964.0,industrial,False,50000.0
1910.951252187612,3,2.0,1974.0,rural,False,343062.5611717385
1543.5235341190855,3,2.5,1985.0,downtown,False,342557.31916782
1350.4963247670662,1,3.0,2000.0,suburb,True,314324.8723416777
1545.8803882677512,4,1.0,1964.0,industrial,True,259995.57040659018
506.21554269955357,5,2.0,2017.0,rural,False,217333.30810202868
1390.164056081244,3,1.0,1970.0,downtown,True,242565.29470878502
1678.5562857558732,1,1.5,1962.0,industrial,False,260104.99223425693
2238.947022370758,5,2.5,1968.0,industrial,True,524672.3537661248
1240.8648908631762,4,1.5,1983.0,suburb,True,223040.6237776218
1095.7531985534063,3,1.0,2017.0,industrial,True,243475.16962784814
1249.1214782077318,5,1.0,2001.0,suburb,True,304899.0168841228
1957.701058851037,5,3.0,1976.0,rural,False,447228.74857583595
1664.3755548298423,5,2.0,1978.0,suburb,True,359595.82782860316
1235.1198981164807,3,2.0,,downtown,False,261009.50090259517
1756.633716556678,3,1.5,1984.0,suburb,False,314245.600460848
1548.5387746740203,2,2.5,1957.0,downtown,False,284354.62443845626
1984.3224952664445,4,2.0,1965.0,suburb,True,367852.60602504434
1148.9734530613239,1,3.0,1985.0,industrial,False,236493.17465488013
1336.1689267011159,5,1.5,1979.0,rural,False,289337.02892385836
1303.9459234339213,2,1.5,1967.0,downtown,False,240904.90033215377
768.2425259339407,1,3.0,1951.0,suburb,True,142858.49447954173
1648.060138532288,2,2.5,1998.0,suburb,True,345490.52830300824
1630.5276360899447,3,3.0,1953.0,suburb,False,312537.33370583714
1502.5567283212304,5,2.5,1956.0,industrial,True,275692.5352019781
1382.7064333124265,1,3.0,2023.0,industrial,False,309763.6100182837
792.3146289747929,1,3.0,1988.0,downtown,False,138675.22532034037
1289.6773386173204,1,1.0,1962.0,downtown,True,177838.61063313347
1328.6427417366153,1,1.5,1980.0,industrial,False,201926.57243918756
1098.8613653891905,1,3.0,2020.0,downtown,True,269062.3476035031
1419.3571441669953,2,3.0,2012.0,rural,True,227833.34520568847
1702.0254284072691,5,2.0,2005.0,rural,False,469936.2702708902
2443.0929506052653,3,1.5,1991.0,industrial,True,464145.64686277136
1587.2889064159194,3,2.0,2010.0,downtown,True,327790.5033862627
1628.7751953613822,3,1.5,1991.0,suburb,False,308669.45928571874
1462.7770421169164,3,2.0,2005.0,rural,False,308483.17856326717
540.6143923504793,2,3.0,1985.0,industrial,True,162225.83170395205
1486.7430622753916,4,3.0,2017.0,downtown,True,363867.9269198105
1530.1151049705131,5,1.0,1956.0,industrial,False,327185.3997256804
2731.621056242643,1,2.0,2003.0,suburb,True,451930.5788740539
1403.8195176094387,4,2.5,1950.0,rural,True,285152.775032196
1650.7736711668063,3,1.0,1993.0,industrial,True,302577.85216541553
1482.6441151473784,4,2.0,1994.0,industrial,True,311549.3688615263
915.660981190234,5,2.0,1996.0,industrial,True,287362.25008454703
2071.4114072575103,1,1.0,1962.0,suburb,True,332518.4127570524
1875.966516343387,1,3.0,1971.0,industrial,True,231683.31841157965
1895.5159735215234,5,2.0,1970.0,suburb,False,407004.4193241213
1045.3062726026305,5,3.0,1958.0,suburb,False,274638.02673195786
2201.3971554680497,3,1.0,1975.0,suburb,False,380148.31062683056
799.0744686038596,1,3.0,1958.0,rural,False,140205.61669791237
1793.4285469001352,4,1.5,1964.0,rural,False,375237.6636346007
2595.227812904989,2,2.5,1959.0,industrial,True,462709.9657994341
1004.7318374346557,2,2.0,1991.0,industrial,True,181023.44558049008
1216.851135198614,5,2.5,2021.0,rural,True,330739.2388935282
1549.8256825438207,3,3.0,1973.0,downtown,True,282824.1503453345
1248.2621729419004,2,2.0,1998.0,rural,False,202850.78099761714
724.6682844669336,1,3.0,1975.0,suburb,True,130398.7259323411
1534.2814874030137,5,1.5,1986.0,rural,True,359514.0272819348
968.8481431369476,4,1.0,2017.0,suburb,False,265420.97283182474
1736.7962153175908,5,2.0,1999.0,industrial,True,393411.9949005574
1040.2878828830985,4,1.5,1973.0,downtown,True,254796.0560379047
2274.96720250877,5,1.5,1968.0,industrial,False,451230.4289897642
1108.3733538318816,5,2.0,2009.0,suburb,True,269511.5552180936
1338.9692418971622,5,3.0,1988.0,suburb,True,340803.06262479257
1906.7586086848348,4,1.5,2023.0,suburb,True,412026.0770595557
884.5678417830223,4,2.5,1967.0,downtown,True,244313.91616186057
1613.7299673020648,5,1.5,1968.0,rural,True,372226.896239549
2153.571377141214,2,3.0,,industrial,False,409784.821987214
696.2583827193862,3,3.0,2023.0,industrial,False,219482.20363415542
1592.316929266152,3,2.5,2004.0,rural,False,358452.0465394156
1629.9413971242118,3,1.5,2018.0,industrial,False,323195.57179116
1890.9114358886552,4,3.0,1996.0,downtown,False,368180.4758464667
881.524644560959,4,2.0,1998.0,industrial,False,224336.68776583095
839.7716934578618,2,1.0,1982.0,suburb,True,137618.67467448578
1760.9707828084488,3,1.0,1970.0,rural,False,291890.26917203586
1648.492336616593,3,1.0,1971.0,downtown,False,291438.2903710234
1625.2464251729382,5,1.5,1997.0,rural,True,329014.3661459419
1673.224104748488,4,2.5,1986.0,downtown,True,340244.76982310193
1159.9876392107547,3,3.0,1964.0,suburb,False,192189.70587299962
1616.1268485805017,2,2.0,1984.0,rural,True,298817.83850826346
1646.5362366493407,2,2.0,,industrial,False,315016.5997582678
1142.824290986816,3,1.5,1981.0,downtown,True,207910.9847159767
2432.8872555723783,4,1.0,1960.0,rural,False,447710.4583888289
1736.9164604558937,2,1.5,1959.0,industrial,True,318664.57319718075
904.3482513986756,5,2.5,2022.0,rural,True,223925.4417787321
1828.2768043169149,2,2.5,2006.0,rural,False,319859.7772905508
1012.6591648863393,1,3.0,1974.0,rural,False,168824.60423933197
1893.542301871226,1,3.0,1951.0,downtown,False,284334.2522474179
2079.297789503702,4,2.5,2013.0,industrial,False,448778.9136835077
1089.6588408241448,3,2.5,1984.0,suburb,False,235134.0419604376
1981.688064622161,4,2.5,1956.0,downtown,True,372817.7644540058
1706.3904634682492,4,1.5,1967.0,downtown,False,269842.6985880348
1911.0300799972451,4,2.5,2016.0,downtown,False,419217.05290586356
2448.396491326974,4,2.0,1991.0,suburb,True,423581.7218534419
1377.3059419985648,5,1.0,1988.0,industrial,True,305393.87020777457
1123.1319178212552,5,2.5,1990.0,industrial,False,297291.095811934
1055.2427851872383,2,1.0,,industrial,True,228606.17565324527
1092.0948575172808,1,1.5,2009.0,rural,True,159549.61665401876
1461.4491452929478,4,1.0,1995.0,rural,False,209132.00711931742
1670.575987408322,2,1.5,1968.0,rural,True,290601.8844538591
1638.3453996650096,1,2.0,2017.0,suburb,True,346267.14539507707
1913.591624518012,3,1.5,1991.0,rural,False,390207.13426588493
1506.5009459389535,5,1.5,1981.0,suburb,False,333264.9243490818
2226.7670385786587,1,3.0,1988.0,industrial,True,366265.9702178374
1367.671583381022,3,2.5,1985.0,rural,True,307364.41540627263
2860.0845832948094,1,2.5,1985.0,rural,False,437806.30150308734
1812.833673882503,5,2.0,1952.0,downtown,True,380215.78416306205
1071.4212217918587,5,2.0,2022.0,suburb,True,304877.28804377763
964.5537509694439,2,2.5,1957.0,industrial,True,220489.359870383
1741.2362076215927,4,3.0,2019.0,downtown,False,466475.23231057124
1388.2686073370746,1,2.5,1990.0,downtown,True,260512.77011592416
1857.000247046046,1,3.0,2017.0,industrial,True,324781.12828568195
1736.6188122867725,3,2.0,1962.0,downtown,False,318725.592477256
1463.5855436715635,5,1.0,1998.0,suburb,True,268465.554404061
1076.6031409657976,1,2.0,2009.0,suburb,True,183149.07721219788
742.5763876570677,5,2.0,1951.0,rural,False,192607.98500516702
1276.7425239664894,1,1.5,2009.0,downtown,False,210788.72665693564
1928.1993971617362,2,1.5,1954.0,rural,False,321300.55573527206
1607.046872065102,4,1.5,1993.0,downtown,False,303384.4328382993
877.130610644006,1,1.5,,suburb,True,183700.51161633502
1586.590462925591,5,3.0,1981.0,suburb,True,361494.78138638457
1692.6586898644184,2,2.5,1970.0,suburb,False,304119.7938455043
1058.0712818994334,1,1.0,1957.0,downtown,False,150373.85078952747
1576.862552972764,3,2.0,2021.0,suburb,True,329685.103461684
1529.1043592229998,4,3.0,1999.0,downtown,False,366618.601823479
928.5148510846884,1,1.0,2016.0,rural,True,144263.32119137625
1678.8936801741415,2,3.0,1993.0,downtown,False,301590.55735386355
1780.3922631841172,3,3.0,2007.0,rural,True,354447.0586143176
2041.5256215876384,2,2.0,1952.0,downtown,False,299852.7155339493
2026.9010260174514,2,2.5,2019.0,rural,False,354457.41811097274
811.1653160214545,3,1.5,1951.0,suburb,True,153388.1711968784
1031.0874800424385,2,2.5,1993.0,rural,False,242894.7974277476
1757.5176336043298,3,2.0,1951.0,suburb,True,325004.4849107072
1756.8929754561045,1,2.0,1984.0,suburb,True,299341.643659442
1757.523843153024,3,2.0,1979.0,rural,True,356655.51533799275
3426.365745327361,3,1.0,1957.0,downtown,True,551333.7081471223
1785.4452553465835,4,2.5,1971.0,downtown,True,370530.7337998542
2067.7828200902995,3,2.5,1993.0,industrial,False,389070.77042557
1977.0008817466012,3,3.0,2007.0,downtown,False,401011.00274397904
1825.695625652899,1,3.0,1985.0,industrial,True,301871.5841195874
1342.3653776798271,4,3.0,2018.0,downtown,False,250190.29190368124
1879.4846102466338,5,2.0,1980.0,downtown,True,385894.3166714059
1113.587392731214,1,2.5,1996.0,suburb,False,253220.5529926803
1381.5906966299956,1,2.0,2004.0,industrial,False,275025.0665617471
1257.3182260854483,5,1.0,2011.0,downtown,False,326059.6584505523
1540.9370696931612,3,3.0,1979.0,industrial,False,350724.48210816074
2657.329283336754,2,2.0,,suburb,True,461259.1202293562
566.367403704126,4,2.0,1965.0,suburb,True,171374.58177778675
1843.1300951872568,2,1.0,1961.0,industrial,False,281439.95741505804
693.6420644051742,5,1.5,1966.0,suburb,False,188064.1239799646
1264.0340671052832,1,2.5,1965.0,rural,True,236078.24455892673
2044.475298483683,1,1.5,1961.0,rural,False,353787.82788761694
1532.1400095477313,4,3.0,1957.0,suburb,True,317137.6131617297
961.127611035347,1,2.0,1952.0,rural,True,144663.4637097597
1142.348145370016,1,1.0,1965.0,downtown,True,176868.06057120033
1839.798874467338,4,1.0,1979.0,industrial,False,366506.0336379742
1134.8166841414318,4,2.5,1972.0,downtown,True,218406.85813720853
1608.2292947909875,5,1.5,1954.0,industrial,False,259848.96562453095
1522.7859199519069,1,2.5,2014.0,suburb,True,264401.7825080385
1174.1998261970914,1,2.0,1979.0,downtown,False,167008.60115213896
2571.972044662663,5,2.5,1970.0,suburb,False,481051.6007699801
1816.9595111590056,3,1.0,2019.0,suburb,False,340610.5171093267
487.42870667119644,3,1.0,1971.0,industrial,True,108016.85372998907
1593.2271573847138,3,3.0,2021.0,industrial,True,386058.0996418294
1169.106767615806,5,3.0,1981.0,industrial,False,308668.3580804405
1926.216667398112,1,2.0,1982.0,downtown,False,326946.7308980416
1103.7396307836498,5,1.5,1965.0,rural,False,277227.1589388495
1442.6317792665504,5,2.5,1987.0,industrial,True,301229.7733565595
1752.4936394902286,3,2.0,1963.0,industrial,True,353547.3995461424
1932.8775970850606,2,3.0,1985.0,downtown,True,353158.7109666953
899.8517964721119,1,2.5,1972.0,industrial,True,186592.18798805316
1332.7493820795257,3,3.0,2015.0,downtown,False,268256.6903207242
1262.5273444195218,2,2.5,1951.0,suburb,False,183766.3386824463
1173.335383713144,2,1.5,2022.0,industrial,True,262036.99729772244
2382.7271201405483,4,2.0,,industrial,True,473701.35380400775
1702.4908554804779,1,2.5,2016.0,suburb,False,281812.08169134636
869.5580228324774,2,1.0,2001.0,suburb,True,147843.81098663076
1958.930973527388,3,1.0,2011.0,suburb,True,396102.68956155126
2561.0780985063166,4,2.5,1972.0,industrial,True,439979.35798992764
2016.2326302755735,1,2.5,1975.0,rural,True,384715.0831390149
740.3150170229933,5,2.5,2017.0,rural,True,218028.63051401294
1257.8829635668744,3,1.0,2004.0,rural,True,272834.2023032826
2133.455574593311,2,1.0,1955.0,industrial,False,330659.78191652714
1146.1652671906097,2,2.5,1984.0,suburb,True,247520.41301106176
1721.9097140731142,3,3.0,1971.0,industrial,True,320463.03704754135
1887.3170267146684,2,3.0,1992.0,suburb,False,347213.76682503143
1036.5347642109587,4,1.5,1964.0,industrial,False,229207.7898935154
1470.2373219690999,1,2.0,2009.0,industrial,False,232969.97462192082
300.0,4,3.0,1961.0,suburb,True,160724.7303626038
987.8061793328551,2,1.0,1998.0,rural,False,174774.5199057807
1373.7159243034198,5,3.0,1991.0,suburb,True,327699.3911853124
876.1084090175752,1,1.5,1987.0,downtown,True,125585.78011438093
2316.2056519658177,1,1.5,1994.0,downtown,True,298060.8380310133
784.9293110196836,3,2.0,1984.0,suburb,False,182008.56377494746
1279.9777566515081,3,3.0,,industrial,False,346875.1261461137
1565.3702886430456,5,1.0,,downtown,False,350843.67193339753
2220.6366445330577,1,1.0,1955.0,downtown,False,333017.6852879268
782.0689244102803,5,2.5,2016.0,industrial,False,242923.613785294
2081.58187607748,3,1.0,1956.0,industrial,True,353911.2581959834
1505.1165305097936,3,2.0,2001.0,rural,True,320681.05303172534
1009.2456744760245,1,2.0,1963.0,industrial,True,135462.46671213832
1731.0517371316355,4,1.0,2022.0,suburb,True,387087.41140981147
1599.529847786735,2,1.0,1964.0,suburb,False,286390.91663124756
1199.8915614206026,3,2.5,1970.0,rural,False,272029.30598432844
1534.9010424950095,3,1.0,1984.0,downtown,True,298389.42853854323
1307.3432015691199,4,2.5,2015.0,downtown,False,309689.97996618773
1556.758672625624,4,2.5,1951.0,industrial,False,334699.63797284826
1831.0653372605234,5,1.0,1984.0,suburb,True,387414.2246013199
2293.008408072676,5,1.5,1969.0,downtown,True,428330.03988267074
881.0922505865755,2,1.5,1959.0,rural,False,144955.7844010793
2566.5166873281332,2,2.5,1974.0,rural,False,440533.1919570796
523.9561002387491,1,1.0,2015.0,suburb,True,155564.01958066798
1424.1074524822084,5,1.5,1974.0,rural,True,273942.9056027143
1794.1586032422883,3,1.0,2003.0,rural,True,289598.03251377004
1640.4959338675162,5,1.0,1982.0,suburb,False,345017.21531722293
1188.6502400897032,3,1.0,1985.0,industrial,True,235324.16706913602
1395.9388748213623,4,3.0,1963.0,industrial,True,309091.0811543166
1253.4995326705837,5,1.0,2014.0,rural,False,305343.52583784255
1205.3176215278943,4,3.0,2003.0,industrial,False,288601.57559014
1924.8010485105124,2,2.5,2001.0,industrial,False,399416.06043463934
1678.5077429825237,2,1.5,1952.0,rural,False,230249.04209308312
1153.545202369673,1,1.5,1990.0,industrial,False,173676.86961204358
1949.7999377166254,5,1.5,1955.0,rural,True,377372.3478530224
1653.6497604383046,4,1.5,1974.0,downtown,True,276251.7997311207
1906.43105941948,3,1.5,1962.0,suburb,False,332189.0267799599
1814.814420961806,2,1.5,1957.0,suburb,False,351066.26811611146
1085.502494538964,2,1.5,1970.0,industrial,False,198951.96882972342
1219.9094799015152,3,2.5,2017.0,industrial,False,283907.44915678777
1873.646802561631,4,1.0,1974.0,industrial,False,313242.0774290672
1805.1851327167324,4,2.0,2017.0,suburb,True,358786.92766632553
1489.549203017926,5,3.0,1994.0,downtown,True,342176.4890429708
1558.663691654391,5,2.0,2009.0,downtown,True,346768.1008454716
2138.8324478942122,1,2.0,1961.0,suburb,True,377774.1810342449
1204.214305582085,2,1.0,1981.0,downtown,False,230862.87765906646
1773.548690585019,5,1.0,1962.0,suburb,True,316688.56487964187
1398.903673783053,4,1.0,1980.0,downtown,False,290230.69442041806
1391.15939838639,3,1.5,1969.0,rural,False,278620.5622128621
2049.388425993595,4,2.5,1967.0,rural,False,430612.73505467724
1912.7081744940149,2,1.5,2009.0,suburb,True,389322.4467711534
1906.7548180003193,4,2.5,2012.0,downtown,False,367060.3969452118
2152.7394035771645,1,2.5,1955.0,industrial,True,321585.1852002645
1510.5019208163794,2,2.0,1981.0,downtown,True,237347.95235501844
1840.976485647482,3,2.0,,rural,False,343125.8770739128
1344.866621703272,1,2.5,1951.0,rural,False,236720.74448888082
1662.083176244221,2,2.5,2009.0,downtown,False,348932.5119343062
1434.9284728161576,3,1.5,1972.0,downtown,True,269460.74021314795
1548.497982496359,1,1.5,1980.0,industrial,False,243179.27167680857
1797.5785127184568,1,2.0,1954.0,industrial,True,289189.5166752307
1090.8896583832638,2,1.0,1983.0,downtown,False,173079.1617085889
2546.19363784273,5,2.5,1959.0,downtown,False,549615.2073272527
996.991309250149,1,1.5,1951.0,downtown,True,107318.8655739806
892.9056936061339,1,2.0,1960.0,downtown,True,157478.07140779184
2079.055436750034,3,1.5,1999.0,suburb,True,442566.5020893943
1895.831346981468,4,2.5,1980.0,downtown,True,380078.69738402014
1812.0599085260776,2,2.5,2005.0,industrial,True,334107.8152288668
1814.17275463214,2,3.0,2022.0,rural,True,345402.5505105082
1493.8766135765427,5,1.0,1958.0,suburb,False,300669.74158360914
1051.3728142570842,5,3.0,1970.0,downtown,False,316891.3763788586
1537.9022790968631,2,2.0,2022.0,rural,True,233329.48452464427
1161.4191442439442,5,1.5,1977.0,suburb,False,319215.8826754814
1987.5598667088757,3,2.0,2011.0,rural,True,338915.265432827
1426.4713092489308,2,2.5,1956.0,downtown,False,249471.12651030716
1087.2514016037442,5,3.0,1965.0,downtown,False,265710.37763160176
1339.3070791735033,2,3.0,1953.0,industrial,True,268052.6599691471
1706.465727137812,4,3.0,1953.0,downtown,True,297526.1285141594
1218.1377235980126,1,2.0,1989.0,downtown,True,229085.8385221602
1088.8898022167843,2,2.5,1966.0,suburb,False,272562.7590311232
1621.8436057459562,1,1.5,2001.0,industrial,True,233381.32072410913
1622.4832855543614,5,1.5,2001.0,suburb,False,360063.6778614661
1246.5284123144352,1,2.0,1985.0,rural,True,197619.796513267
1264.4808471908386,2,3.0,1987.0,downtown,False,268948.7432644169
1616.0249686788181,4,1.0,1999.0,rural,False,325478.1786242953
775.9578292513379,5,2.0,2012.0,suburb,True,221149.06711637139
796.2681128117224,2,2.0,,downtown,False,198076.3854678906
1140.777889373782,5,2.5,2011.0,downtown,False,356247.12669966964
1393.2764241440764,3,1.5,1956.0,suburb,True,251764.34986979252
1655.4537827990023,1,2.0,1976.0,suburb,False,295910.80568429583
2237.678108474776,3,2.0,1963.0,suburb,True,356353.5275350815
1928.8298116010096,2,3.0,2020.0,suburb,True,343631.3804356112
1420.0307350182864,4,3.0,1954.0,suburb,True,317176.79858915426
1490.4918960486557,5,1.0,2004.0,downtown,True,373097.2652633773
998.7353176810956,1,2.5,1951.0,suburb,False,181478.69811573412
1490.743432003805,5,1.0,2011.0,downtown,False,322719.77388487617
1355.6706805399308,2,3.0,1970.0,downtown,False,261329.34424369026
1661.3592801690447,5,1.5,1970.0,suburb,True,307191.66000626516
1086.3845282238385,1,3.0,1959.0,suburb,False,213593.13902423676
1759.6732571205862,2,2.5,2007.0,industrial,False,359420.9804377902
2266.369456501289,5,3.0,1988.0,downtown,True,453392.7084902009
1445.6199257715712,4,2.5,1954.0,suburb,True,285241.72443295066
1700.8558610494706,2,2.5,2014.0,suburb,False,335604.72604698205
1845.0719958555562,2,2.5,1962.0,suburb,True,310159.2072971156
1299.389764057082,4,2.5,2002.0,industrial,True,299424.48616978765
1612.0462409052084,3,2.5,1994.0,industrial,True,387298.5898107767
1506.2962003908974,1,1.5,1981.0,rural,True,239533.6590362547
1548.8380492744159,3,1.0,1985.0,downtown,False,277075.50283052574
1113.4951080722667,5,2.0,2009.0,rural,True,270098.0120417852
1512.2550871294713,4,1.0,1960.0,suburb,True,312164.0222144188
1748.9991456227249,3,2.5,2012.0,industrial,True,348413.14664686564
2225.571803897521,2,1.5,1970.0,industrial,True,349854.57943498535
1979.6354130426034,5,3.0,2001.0,rural,True,470084.4329245809
2576.5912287557785,5,1.5,2004.0,industrial,True,541576.7744487759
1116.3262185559752,3,2.5,1975.0,suburb,True,222436.2258112351
1936.160318360339,3,1.5,2017.0,industrial,True,313427.8492132324
1591.671002869176,4,1.5,1983.0,rural,False,350976.06112548406
2594.901466608836,1,2.5,2001.0,suburb,True,414696.3252185253
1095.8508573224242,3,1.5,2001.0,rural,False,259096.3965732467
1080.139078909612,3,2.0,1978.0,industrial,True,169917.74730508673
1200.303677277989,2,2.0,1987.0,rural,True,258323.4717406776
438.05213784509647,5,1.5,1991.0,rural,True,135372.66279834104
1237.1224891596194,1,3.0,1970.0,downtown,True,245491.29694593867
1120.433669223151,2,2.5,1991.0,industrial,False,229493.24241856567
1575.1968932381037,4,2.0,1962.0,industrial,True,286661.35140381625
1670.8779878885798,4,3.0,2013.0,rural,True,357920.60879548354
2438.085419607943,3,1.5,1966.0,downtown,False,439802.36664989253
1975.2119190930252,3,3.0,1958.0,industrial,False,371458.6214574108
1211.5481721687984,4,1.0,1990.0,suburb,True,277264.6152394943
1050.792664325821,3,2.0,1950.0,rural,False,269912.11718433775
1745.959585753253,1,1.5,1951.0,industrial,False,220966.68951165638
839.883396489679,3,2.5,2009.0,suburb,False,264498.88672251056
2415.7293829271766,5,1.5,1997.0,industrial,True,474490.0855647729
2089.7200603606434,3,2.5,1978.0,suburb,True,360994.4876044027
1265.4121739476477,2,1.5,1959.0,rural,True,179902.41731997745
643.4327354545612,1,3.0,2007.0,industrial,False,147341.29859487317
2176.9361870827065,2,3.0,2009.0,industrial,True,431689.93142013974
1442.730077373691,2,3.0,1970.0,downtown,False,270583.03799472767
2118.908155986731,5,1.0,1977.0,rural,True,454670.87130543
702.7861706028165,1,2.5,1983.0,suburb,True,98882.6548888757
1200.3124885231136,1,3.0,1957.0,industrial,False,211184.2048430854
1502.6218498590915,1,1.0,2008.0,industrial,True,214821.47414647014
1523.490296882371,1,2.5,2021.0,suburb,False,295432.5010111047
1274.9672642603782,1,1.5,1998.0,rural,False,247351.71134197575
1811.4249661737495,5,1.0,1966.0,downtown,True,345090.8911156308
966.1897853087028,3,2.0,2009.0,downtown,False,149302.0520974914
1428.8102574893533,2,1.0,1994.0,industrial,True,260289.98302729783
1560.1478158559494,1,1.0,2018.0,suburb,True,279124.3289303977
1757.2194170293744,3,2.5,1981.0,industrial,False,351711.7552032571
1855.807439044445,3,1.5,1993.0,suburb,True,382444.5816113314
937.6789540810654,2,2.0,2014.0,downtown,False,173520.23272268835
732.9429146321888,5,3.0,1957.0,rural,True,241847.9203583418
2138.8384109492545,4,3.0,2021.0,suburb,True,480100.98701672745
1666.1570059897958,4,1.0,1992.0,downtown,True,275565.9233782739
1125.756731721723,3,2.5,1950.0,industrial,True,238953.06453582778
2275.5759877612613,2,2.5,2000.0,suburb,True,391711.003233959
1557.8373171464293,4,3.0,1973.0,rural,False,330729.917378915
2089.6485920319133,3,2.0,1973.0,industrial,False,388377.58331093704
1533.7592407050545,5,1.5,1966.0,industrial,False,308947.02918235154
2530.3739624409936,4,2.0,1954.0,downtown,False,434284.8519913007
2377.6704212216023,3,1.5,1969.0,suburb,False,412675.13570788107
1375.5179257604632,3,3.0,1970.0,industrial,False,251710.31069818538
1985.7854754771777,1,1.5,2007.0,rural,True,299293.0674550211
1822.6879747925736,5,2.5,1980.0,suburb,True,409284.39470758114
2184.3157787661744,1,1.0,1960.0,rural,False,296183.5457601665
1017.5382697099478,2,1.0,2001.0,industrial,False,216120.11548376852
1843.0257299992197,1,3.0,1964.0,rural,True,325331.5982855015
2029.212243424794,1,2.5,1956.0,downtown,True,276107.6346500012
620.6302567884428,4,2.0,1977.0,rural,True,159267.59894819674
908.3707436671125,3,2.5,2000.0,suburb,False,257578.89364148804
480.38391111994974,5,1.0,2007.0,rural,False,149122.62073380203
1365.2965827777211,1,1.0,1954.0,rural,False,190862.35954737655
1858.7711278979812,5,2.5,1954.0,downtown,True,395177.49598225404
2251.178526048014,1,2.5,1957.0,rural,True,385178.49418568
1537.0473902098877,2,1.0,,rural,False,272510.94195014826
2314.307772785646,1,2.0,1959.0,industrial,False,346720.8600770977
809.9492708925543,4,3.0,1987.0,industrial,True,270663.48648483836
648.3087803224226,3,3.0,1957.0,suburb,True,220913.30696229075
1472.2261505516906,2,2.5,1974.0,industrial,True,302699.66410620743
1692.0327244696537,1,3.0,2022.0,industrial,True,320364.45294739876
1483.6526259529535,5,1.0,2015.0,industrial,False,308799.92224371526
466.2789499800617,2,1.0,1999.0,industrial,True,87528.51030031231
1455.4399802436058,2,2.5,2016.0,downtown,True,307491.42019451363
847.7652497475734,1,2.5,1998.0,industrial,True,184216.7340887965
1834.8362744150193,2,2.5,1985.0,downtown,False,375273.3989506458
1683.299123048424,5,2.0,2017.0,downtown,False,398508.37123334775
1030.0601068363223,2,3.0,,industrial,True,177416.60697265383
1243.0665413316533,5,2.5,2011.0,rural,True,349018.40973143553
970.3932390555242,1,1.5,1959.0,downtown,True,125617.16703889625
1468.660451363414,3,1.5,1970.0,rural,False,264279.92954594153
1977.5711602506192,2,1.0,1985.0,rural,False,339641.68022514373
1007.1369768322281,3,3.0,1961.0,industrial,False,284440.5712183531
1752.0232577589222,5,2.5,1951.0,suburb,True,457101.04534399917
1234.8711908137795,2,1.5,1962.0,industrial,False,234932.37039615243
1103.563583868828,4,3.0,2002.0,suburb,True,274038.63901871257
1446.4848200227211,3,1.0,1981.0,suburb,True,286507.89245782467
982.378838790313,2,2.0,1965.0,industrial,True,214486.48859476205
1223.1753473264089,3,3.0,1981.0,industrial,False,257356.27333224556
901.0610537055758,2,3.0,1981.0,suburb,True,252515.498733206
2482.3625664581946,1,2.0,1960.0,industrial,False,397256.50774447125
1517.6317759858644,3,3.0,1959.0,suburb,False,315077.0590706215
1150.1372460037073,4,1.0,1964.0,rural,True,257498.31446218994
1606.989955367111,4,1.0,1966.0,industrial,True,319696.0916235003
1443.8359751545852,5,2.0,1989.0,rural,False,354243.61128727614
1389.5152002333884,2,2.5,1967.0,downtown,True,238909.68443860058
1807.0833500217127,3,1.5,2004.0,rural,False,326813.44988487597
1878.7538550236525,5,2.5,2022.0,rural,True,385308.45126439707
1234.7494261947363,3,3.0,1974.0,suburb,False,278397.45084781724
1212.09087967766,2,1.5,2008.0,rural,False,259681.72705701244
1362.474151424178,4,2.0,1971.0,industrial,False,301604.3086981833
349.0394176322077,1,2.0,,suburb,False,130090.68564525727
742.4044689007238,4,1.5,1993.0,downtown,True,198192.7897702372
2183.4371337222624,5,1.0,1981.0,industrial,True,441077.81972611474
2322.4838567506417,1,1.5,2000.0,downtown,False,346121.55222841684
1375.4819802218108,5,3.0,1995.0,rural,False,325209.3059590396
1788.2784815278833,2,1.0,1970.0,industrial,True,317107.9049561558
1655.625077271768,1,2.0,1981.0,industrial,True,302316.82491305954
3039.440404227619,5,1.5,1988.0,downtown,True,551597.0522042175
2059.787455717288,2,2.5,1961.0,industrial,True,352820.1408018512
1436.0412042596167,4,2.5,1996.0,industrial,True,273369.9682385182
1022.2297796997871,2,3.0,1967.0,industrial,True,199123.59093076977
696.7768398712137,3,2.5,1970.0,rural,False,201728.02088627563
1601.7318179336116,2,1.5,1962.0,downtown,True,289015.92317323876
1121.8246273578484,2,1.5,,industrial,True,218793.66574511354
788.873145201163,3,2.5,1957.0,suburb,False,183824.18239560325
1176.7135578787368,5,1.5,1995.0,suburb,True,284718.92844065576
959.2259981928025,5,3.0,1956.0,suburb,True,235074.26554471697
2343.5708175362824,2,1.0,1972.0,suburb,True,401500.4752365184
1940.8198784747253,3,3.0,1971.0,rural,True,382252.1701028905
1496.0136793416914,3,3.0,1971.0,industrial,True,317662.61734103767
2239.972069445013,4,1.5,1978.0,downtown,False,399714.7651367245
1538.684153823809,5,1.0,1962.0,industrial,True,250202.33547743404
1069.3578993358683,1,1.5,1951.0,rural,False,199318.2662529911
2261.5620386348287,5,2.0,1978.0,suburb,False,431869.1821149722
1769.4550218423294,5,1.5,2001.0,rural,True,350534.98035505577
981.3769228367718,4,1.5,,industrial,False,246510.90578293556
1404.830660958196,1,1.5,1999.0,downtown,True,228964.2199461555
1062.1908733076214,4,1.0,1972.0,rural,False,260126.72251754187
808.600134517832,1,1.5,1993.0,downtown,False,166800.19866497573
