sepal_length,sepal_width,petal_length,petal_width,color,season,is_wild,species
6.197371322408986,3.3704710190126566,6.078904242196204,1.8226888609333103,blue,fall,False,virginica
5.689388559063052,3.7637666561880523,5.271877260951707,0.7590514269371732,green,fall,False,versicolor
6.318150830480554,,3.8013716288642962,0.5454408932621542,blue,spring,True,versicolor
7.0184238851264205,3.2251876946762286,2.6002074779005246,1.1973004340712383,green,spring,True,versicolor
5.612677300221331,2.7397429723512694,4.886979633143103,1.0638523019800572,green,fall,False,versicolor
5.612690434440656,2.8051498464941216,4.368925155216974,0.8374175605381797,green,fall,True,versicolor
7.063370252405913,2.7630424303044525,5.221828474047145,1.7571099579653722,blue,winter,False,virginica
6.413947783322326,2.6544036921280734,4.779792062859348,1.9642441668564086,red,fall,False,versicolor
5.424420491252038,3.019408651177931,5.48423961604287,1.270725509033478,red,winter,True,versicolor
6.2340480348687715,2.667619953435585,2.7901001403470347,2.3820240648442095,blue,fall,False,versicolor
5.42926584575003,3.1081827303119356,5.939569911578354,0.2866487086931959,red,spring,False,versicolor
5.427416197143795,2.9799047562203453,4.03591932797708,1.0450724325762255,red,winter,True,versicolor
5.993569817252827,2.904420781253436,7.227943483462951,0.626542143517756,green,summer,True,virginica
4.2693758042737615,2.6369745351833607,2.5283807092477346,-0.2932292936584482,green,spring,True,setosa
4.420065733989573,2.7692914677726668,6.6511384653809245,1.1338554513258405,blue,winter,False,virginica
5.350169976607222,3.3021564903303027,4.036448331886501,1.102601993293373,blue,winter,True,versicolor
4.98973510373246,3.2003668750497525,2.5925893938554383,2.410759794593705,red,summer,True,versicolor
6.051397866076219,2.6089779020805794,2.877394082107654,1.704649347643822,green,winter,True,versicolor
5.073580739583031,3.0397329221716904,3.1554095760696557,0.38065054053663594,blue,fall,True,versicolor
4.670157038931767,3.300554849348716,4.421082108883258,2.6832740530673505,blue,summer,False,versicolor
6.972519015137243,,4.58882032966035,2.1768269564202822,blue,spring,False,versicolor
5.6193789596107715,3.217344076951974,2.724709993304416,1.6656781627748927,blue,spring,True,versicolor
5.8540225637503385,2.7349504964216615,3.6585971931563295,1.0188127209201343,blue,fall,False,versicolor
4.660201451029234,3.228239467437264,7.341859609640169,0.4324486106212161,blue,spring,True,virginica
5.364493820379853,,6.636823389171209,0.9022345791431575,red,winter,True,virginica
5.888738071767893,2.2780471597341925,4.441750238445855,2.0709988957633487,green,winter,False,versicolor
4.879205138062158,2.348983024846735,3.7646059128859406,2.7076690447476874,green,fall,False,versicolor
6.100558414676537,3.019233978664553,3.9040532554210445,2.4345948226177514,blue,spring,True,virginica
5.3194890480649555,3.103889000688593,4.742980553641709,0.8089204625709807,green,spring,True,versicolor
5.566645000165378,2.6382733499582365,1.9612526391627108,0.3043060533687909,green,fall,False,setosa
5.318634710216482,3.2554369835109496,3.2624598863803134,1.3127089975289632,green,summer,True,versicolor
7.28182254760715,2.335391975092416,0.8634070744080984,-0.21475149245028136,blue,spring,False,setosa
5.789202220209653,2.9735680805410736,4.378679308428975,1.458534171347825,blue,summer,True,versicolor
4.953831256835279,2.5155935200950172,4.80023309749466,1.081917930961065,green,spring,True,versicolor
6.458035929682551,2.739265556879136,2.878583014091064,0.8271707985054062,green,spring,False,setosa
4.8233250800231815,3.0189594685265657,6.375777497593056,-0.07576245381343649,blue,spring,False,versicolor
5.967090876003804,2.6558346538864193,1.61619837289602,1.6108800852557732,red,spring,False,versicolor
4.2322639008961795,2.84617778230807,1.2105627036433058,0.7738393282704707,green,winter,False,setosa
4.737451160881255,3.4025171236857763,4.0815680915519525,0.2640665314317695,red,summer,False,versicolor
5.957488988695299,2.7692432521907406,5.480067114440663,-1.0978097706253196,green,summer,False,versicolor
6.390773263996328,3.3342768448260567,6.562677075478376,1.177988075959491,red,spring,False,versicolor
5.9370946249519765,2.5481172581369527,2.919896753122802,2.6178012773357953,red,spring,True,versicolor
5.707481374089407,3.211921671166113,5.533757416833202,2.529007371638296,red,summer,True,virginica
5.559117043528569,3.57662744826316,3.634535601848798,0.8343229947309825,blue,winter,True,versicolor
4.617182407706058,2.0113421999490844,3.4065335901006066,0.7182303517105755,red,fall,False,versicolor
5.224124633284233,2.6812418978118093,5.2022218937273434,1.575019404860019,red,fall,False,virginica
5.431488983232169,3.230828850872216,4.808948893302814,0.40129164864936673,,summer,False,versicolor
6.645697780975133,2.918781845582803,1.0201333331267763,1.4414335198555728,green,spring,True,setosa
6.074894631654769,3.1484583493485236,6.210118594534023,1.8128642227077523,red,spring,False,virginica
4.389567875709813,2.7584059253136717,6.046155302050668,2.181546579107446,green,winter,False,virginica
6.059267175515836,3.0346359149891597,2.6365434074338,1.1198767388160378,red,fall,True,versicolor
5.491934175666946,2.937729105843168,4.372866006843595,1.0370609998584273,red,winter,False,versicolor
5.258462399755233,3.467112824663923,4.5398513166806564,0.4976139305947511,blue,fall,True,versicolor
6.289341031072694,3.101768337320485,4.143145401900642,0.5384957167681119,green,summer,True,versicolor
6.624799617996761,3.135041064830081,2.764481238462786,1.0188168864787785,red,fall,False,versicolor
6.545024095292959,2.835249213551013,2.5582402745053123,1.4938924054529426,green,winter,False,versicolor
5.128625981421889,2.8049575103710027,3.6565580793145434,1.9308677009865995,,winter,False,versicolor
5.552630099319028,2.826976724872152,5.69363933274092,0.557456839455724,blue,winter,True,virginica
6.065010745122851,3.1577808569513186,4.624120262810536,2.3941508551676174,blue,summer,True,versicolor
6.580436101697887,2.8316062076718946,3.06995563545362,0.9831011191659449,blue,fall,True,versicolor
5.416660609723768,3.1159099427585653,5.011887808102186,1.182906164521251,blue,fall,False,versicolor
5.651472818668946,,-1.142522455071128,0.6022306566817412,blue,winter,False,setosa
4.914932020795177,,5.652901690632576,-0.7393922082183535,blue,fall,False,versicolor
4.843034700735463,2.8695905871328637,0.7424865760772308,1.9072363170888398,blue,spring,False,versicolor
6.450020657915358,3.480485568865578,3.0838503996146756,1.7894751176739465,blue,spring,True,versicolor
6.884992022856658,2.8367698507913794,1.7965611791355556,0.9749379543054293,red,spring,True,setosa
5.742391902735733,2.1847501859288583,1.4990414912744603,1.2535925737798974,green,fall,True,setosa
6.602826318313619,2.5967654756330383,5.673405538543483,1.6127513741632795,blue,summer,True,virginica
6.089308820038108,,2.904907957769785,-0.050036685509234236,blue,summer,False,versicolor
5.2839041963159,2.8593946063834768,4.289056598942217,0.7767578581229642,green,summer,False,versicolor
6.089116484406731,3.007367351675821,3.6202350159053873,1.8354117436974617,red,summer,False,versicolor
7.030429253172775,3.670574924910113,4.510969406279306,0.19656846146460039,green,spring,True,virginica
5.771339168712038,3.1307709495056653,3.830597214802434,1.4348463457333034,green,spring,True,versicolor
7.051714924651205,2.9123597884764543,1.5189132188794319,0.11473455630127583,blue,winter,False,setosa
3.704203916728204,3.3317622324733955,5.393653593060138,1.573143985946821,green,fall,False,versicolor
6.457522003500179,2.1155458763968458,2.860613808625769,1.1714868141620132,green,fall,True,versicolor
5.869637654590536,3.0942458232434262,1.0538107722784233,-0.09210545272440762,blue,summer,False,setosa
5.560794119627306,3.308346077554787,2.972204226357949,2.131791483565737,blue,spring,True,versicolor
5.873408621228402,2.4085655016880634,6.251291644078329,0.6123267385615606,blue,summer,True,versicolor
4.209944868319285,,5.145376961592938,0.5517980503884952,blue,winter,True,versicolor
5.624262489729991,3.1353985629977656,3.1072913715066397,1.3604553577847542,green,fall,False,versicolor
6.085690057209397,2.8338848344396794,3.1062619026586713,2.118909879542972,green,fall,False,versicolor
6.982315235793212,3.253112746442514,3.15322041293045,0.38734254481728236,red,summer,True,versicolor
5.385383825381082,3.9082771431217584,7.23047157205343,1.2493438798783774,red,winter,False,virginica
5.15320511768545,3.072746502023398,4.349290268793641,1.5430532002644584,green,fall,True,versicolor
5.398594365132371,3.0992882345201345,4.431070800224819,1.754484485810515,red,winter,True,versicolor
6.532321694161659,2.8162556401839023,5.451481871854131,1.3411532442217802,green,winter,True,virginica
6.063000887727747,2.6600622522140833,4.105941570345073,0.9063777287333421,red,summer,True,versicolor
5.376191836986369,3.332134326617698,3.259628352104805,0.5379278234810242,blue,spring,False,versicolor
6.210613946490684,2.657566469636453,3.366205256555537,1.2689151064370998,red,summer,True,versicolor
5.877662039478432,3.028626494887757,3.5782778589960915,0.3422887904115144,blue,spring,True,versicolor
6.574915992426311,2.8089370212939535,3.6367221979332696,-1.137080386795686,blue,winter,False,versicolor
5.238357524898118,3.1915919302985567,4.936970224182866,1.5492478433261343,blue,spring,True,versicolor
5.537870282721785,3.1334648421147793,3.788308005872409,1.9231478728689562,blue,winter,True,versicolor
5.4863134774942734,3.4150159777031597,4.945488131266485,-0.6903459484334709,red,fall,False,versicolor
4.629188041494305,2.7959934404581013,3.5627818138154104,0.3922154362320499,green,fall,False,versicolor
6.036896221651661,2.8920500258826514,3.8336798235373544,1.6953234088041582,blue,fall,False,versicolor
6.008844217743912,2.608494513687077,0.3030588362954174,2.845996375769359,red,summer,True,setosa
5.804090765313968,2.8222826959695553,5.257757046994218,1.2166349661403262,blue,summer,False,versicolor
5.612330293299882,,4.289030409026588,0.6175976470166924,red,winter,False,versicolor
4.667703406359668,3.302795446658141,5.396617186761409,1.053682847116128,red,fall,True,versicolor
5.463483741787712,2.63113387032895,-1.2236341429292716,2.2999011353185477,red,summer,True,setosa
5.525828386778584,3.347842368042264,7.250236998127237,0.6832286567003717,green,fall,True,virginica
5.158178184622704,3.5422551435219805,3.4626976321362046,0.560646394679797,red,summer,True,versicolor
5.670971430667192,3.1653739612894802,5.583910788453778,0.8138051822543739,red,spring,True,versicolor
6.123240685451631,3.7507183250232266,1.9321599238865979,0.43733711339303005,green,spring,False,setosa
7.308948720968424,2.690484320358571,4.741715638606369,1.2981362527958364,green,fall,False,versicolor
5.939662250265471,2.502138118675433,1.9091935426047848,2.4997427667756487,red,winter,False,versicolor
6.006040312578211,2.2885119004382886,2.6395927668171315,1.4584634184928231,green,summer,True,versicolor
5.740443267387066,3.598417724595673,6.953853301573536,0.9981171982989698,blue,summer,True,virginica
4.264983027760767,3.261746262541623,3.375839918702311,0.9665509848675646,blue,spring,True,versicolor
5.7787888996406265,2.977766131635818,4.069635884405529,-0.050552646957325864,green,spring,False,versicolor
5.848184167952821,3.111987450527928,5.1791151421708825,1.9064878217177272,green,winter,False,versicolor
7.770593689988229,2.549804381080649,4.542659209553428,1.1377302423897584,red,winter,True,versicolor
5.646111228175101,3.9783007918467304,3.95571213874408,1.0556160691274994,green,winter,False,versicolor
6.04123787386689,3.051688472790091,4.320433704192584,3.7544860542758887,red,fall,True,versicolor
5.772230584235805,3.0437579178419574,7.785806494905068,1.439002326692549,blue,spring,False,virginica
4.8650575699043745,3.2903066495594766,3.602048045042905,0.5985671599238525,green,fall,False,versicolor
6.714258251612017,3.1924036926946853,4.041868379415445,0.8589139230355654,red,spring,False,versicolor
6.4015464261494195,3.0895536097116527,5.48611247321294,2.118756567357404,red,spring,True,virginica
6.4328255576344375,2.6838102178218755,5.5793940860285725,1.2906163284302115,blue,summer,False,versicolor
5.072490036164209,3.1885873428543983,5.7179515194526465,0.04937761734610646,green,spring,False,versicolor
6.9222354487488795,3.7528097985900137,4.785841377449614,1.9353831476601628,blue,spring,True,virginica
4.678519149766175,3.5381680184619912,1.7568916483581782,0.6654847315688047,red,fall,False,setosa
6.269485675040216,3.6372746506557587,6.476833604911864,2.6986382209740363,red,spring,True,virginica
7.5523645006479825,2.795513729427526,1.7512128318682307,2.064038452571719,green,fall,True,setosa
5.007570939895449,2.604158071896568,4.214480290906357,0.8421424834729989,red,winter,True,versicolor
5.346961816317783,2.9496852319601405,2.417731054967092,2.2248130893880904,green,spring,True,versicolor
5.879721092070112,3.022289964915478,3.5909648107919128,1.2542844084219227,blue,spring,True,versicolor
5.397219476707041,3.4376766073883793,4.258896097515917,1.8822189400977756,green,fall,False,versicolor
4.559469255147094,2.3230141481140723,4.246307266265465,1.5877862538355798,green,winter,True,versicolor
5.854850379844821,,4.417265282199985,0.5229146760073011,red,summer,True,versicolor
4.950157029019116,2.9367968405684044,6.4433091573997,0.6851601341460304,,winter,True,versicolor
6.178873944508145,2.829247572021032,4.471008312573765,2.023968654064929,green,fall,True,versicolor
5.064460612612957,2.595158249895933,3.2849337200058972,0.9321797343147673,red,winter,False,versicolor
7.039947524014032,2.338057331253692,5.3389481860902075,0.8770812294064025,red,fall,True,versicolor
5.17339736613101,3.3292682335847656,5.722099831171889,0.43590193652051756,red,fall,False,versicolor
5.54235078703546,3.0293271868753617,1.613066714267113,1.5388792524747688,green,summer,True,versicolor
6.450813773895735,2.4840156401035784,4.715580118744759,2.850019935394516,red,spring,False,virginica
4.815308546852836,2.4819684911745536,4.891993661928527,0.34597366859658163,green,fall,True,versicolor
5.981967947683303,2.8656861202839488,3.194142044288014,1.2193755653382063,red,fall,True,versicolor
6.845714203425942,3.6676086101157575,6.038701582629754,2.329776444332343,blue,summer,False,virginica
4.514013412351018,2.896163459454558,3.444905502044705,1.1362868870034277,red,fall,True,versicolor
5.947707086825843,2.3987428187527575,3.913479970901622,1.5618974369997871,red,spring,False,versicolor
6.007906235398739,2.901702774365622,3.405777898717422,0.3500851774824961,green,summer,True,setosa
6.425458297421848,2.890910572100932,3.726484380888495,1.5426456777661188,green,spring,False,versicolor
4.810439431297534,1.9212453428233713,1.8363323522781572,1.050284587996361,red,spring,True,versicolor
4.743634709532579,2.978282053392875,1.2519134995896999,1.9885839965438903,blue,summer,True,setosa
6.217553252493518,2.9076261879165286,6.410658607482453,2.149908841251801,,fall,False,versicolor
6.037587738586549,3.2784825459253675,2.260165707858843,3.2716509136148915,red,spring,True,versicolor
6.000394280276701,3.739582437978138,2.014633005924278,1.6637065385708605,blue,spring,True,setosa
6.07715856759758,3.450626011819103,0.039236806873685026,1.4606370532657331,green,spring,True,setosa
5.255980222737207,2.892444523778068,2.6137650289278467,1.3555074412618688,red,spring,True,versicolor
5.9858029577288026,2.557389636503332,1.4507473512072533,0.9174669657514493,green,summer,True,setosa
6.034457978638945,4.029343921299944,6.491425772231827,1.470787074769353,green,summer,True,virginica
5.228518865578906,3.0236873736057954,5.416689051882479,0.9636788718887764,blue,winter,False,versicolor
7.292619608915805,3.0055717167651785,2.5301444131978696,1.3347687810156914,blue,winter,False,versicolor
6.17906633672943,2.990349965155999,7.5291408690853245,2.2540780284863677,green,spring,False,virginica
4.846957202237881,3.079233904307142,5.3690013278857105,0.39476594777628704,red,fall,True,versicolor
6.325242886907064,2.942255835230423,3.147786648035342,2.1119028489032363,green,spring,False,versicolor
5.020254663818143,2.7705351972479053,-0.5489897152850736,2.2536920538718923,,fall,True,setosa
6.429667682993961,2.781256423503843,7.5946023734042605,1.1055451784071368,red,spring,True,virginica
6.726876463205923,2.9868986919136007,1.337726806501887,-0.49748391920687585,blue,winter,True,setosa
5.143454145318631,2.782630091546494,0.9028221301732842,0.713742410324454,red,winter,True,setosa
6.5707009033954575,2.7148616869291344,5.438369734416389,2.237595637248887,red,fall,False,versicolor
6.130224741549198,3.042572091076759,7.8475790907767635,1.1817055501608942,green,spring,True,virginica
6.457648127995592,2.898009113031658,6.053263791467881,0.40055821416407134,blue,fall,False,versicolor
7.317434386123158,3.6015971954330754,4.658645504089011,0.796180063017426,red,winter,True,versicolor
5.6036895071977035,1.9396120766427951,4.7110823808309865,1.8724960212036423,red,spring,False,versicolor
5.1970110685140085,3.4366027407689845,5.150806449926524,1.6373868545611034,blue,spring,False,versicolor
5.088388456299581,3.4984340769990516,4.990178602637501,1.0088543206642444,green,fall,False,versicolor
5.147351772027649,,4.1780254207479395,0.9065404705482498,blue,summer,False,versicolor
5.738318632468716,2.8629249623678605,3.8771418767181896,0.8865934807649425,blue,fall,False,versicolor
6.072921579853315,2.8514236536016835,3.5935916825708123,0.46207185240119786,red,winter,False,versicolor
6.021352639464015,2.4369953221128715,2.4182601989266503,2.4923005515755534,red,winter,True,versicolor
6.461746599228819,2.68887332496365,3.222852369326484,0.942143624630928,green,winter,False,versicolor
5.810401513502326,2.5557696618136685,0.8219734158678449,2.1737268166603974,red,winter,True,setosa
6.962827261725853,3.700908177369449,3.5328226344489253,2.417052841537961,red,winter,False,versicolor
5.588274533409635,3.3742713572589844,2.0193951178434406,1.9986487185183683,blue,summer,True,versicolor
7.976135333271695,3.5086220379976636,1.8238981607331897,0.8547037498255612,red,spring,False,setosa
6.300533878212005,3.288668825617294,4.005820056960913,1.5229840722692876,green,fall,False,versicolor
5.114273954866974,2.5483792915131085,6.066403886785819,1.180643514887267,blue,fall,True,virginica
4.94328600155111,2.7901918934880907,5.261138230203932,0.47703851141589737,green,winter,False,versicolor
6.1859779321945485,3.195749824491167,1.0301489738405993,1.4594874253772825,blue,fall,False,setosa
5.621229771739319,2.511148876443222,2.0176321678304263,0.2567681670721579,red,winter,False,setosa
6.371200395273673,3.285199372068955,5.299311019579967,2.150143510769251,blue,summer,True,virginica
6.178590099658836,2.903869840736746,2.029771430984874,0.8283061621612855,blue,summer,False,setosa
5.741736869874502,2.850071676980161,3.318123645005058,1.3609277246982714,red,spring,True,versicolor
5.122565025545276,3.2843839872813967,4.635088568341739,1.4266302972369136,red,summer,False,versicolor
4.588122220251308,3.177705324594416,2.05381442673182,0.9928760210367381,green,summer,False,setosa
5.442788038346383,2.855613533672368,3.879138360448132,1.6693550411802198,green,spring,True,versicolor
6.485119035458778,3.4637319213456994,1.4321566586390526,0.8200770747019803,,fall,False,setosa
5.971274995304163,2.567574668960041,2.677675005282937,1.8970378379657953,red,winter,False,versicolor
4.80340897703041,3.2463742427777054,4.243629288042313,0.1232162558026011,red,winter,True,versicolor
5.938544740680945,3.2372405031873535,0.9919106529961623,1.3011036636371294,blue,fall,False,setosa
6.108253903783069,2.876181424274404,4.448807054532678,2.751143199246628,blue,spring,True,virginica
5.092914051039093,3.130453208896847,3.666615741824642,0.39973494031554013,blue,fall,True,versicolor
5.922980084756422,2.4995545694458787,4.6392329225091515,0.6578040235801187,red,summer,True,versicolor
5.8465669747568,3.3696108076827604,4.080654027909924,1.611126279727132,green,spring,False,versicolor
4.885623761735501,2.9260391454228043,6.019038730955535,1.3436654255516782,red,spring,True,virginica
6.086229888278626,2.7909107917923843,3.9128816545014424,1.4805040794188473,blue,spring,True,versicolor
6.248627621094587,,2.97001058008707,1.5913497041181308,blue,winter,False,versicolor
6.666440994540221,2.7182625237828963,3.9079057551548826,1.707777174849416,red,fall,True,versicolor
6.6430416416279225,2.436615481454576,4.62360664936186,2.0877598735649787,red,spring,False,versicolor
4.6978645056343264,2.3773483305904386,3.7830621195536978,1.52785492554281,blue,spring,False,versicolor
5.049739968067902,3.242403980538256,3.7690058750466005,1.006993876305166,blue,spring,False,versicolor
6.212028213766928,2.487828259001487,2.506614130728516,1.738058960962185,blue,fall,False,versicolor
6.211028760729767,3.701917672793746,2.5730684401633885,2.7199055479161727,red,winter,True,versicolor
6.212038149044838,2.167228236846511,1.3155710379405212,1.093893002893941,blue,summer,True,setosa
8.882185192523778,,6.674280463417797,0.4203765562634867,blue,winter,True,versicolor
6.256712408554534,3.0844069868810475,1.5854324998348157,2.0856645354295784,green,spring,True,versicolor
6.708452512144479,2.961314755251843,2.522061163746958,1.1036950688371214,red,winter,True,setosa
6.563201410794562,,2.4787076485323647,-0.5381356368112291,green,winter,False,setosa
6.321113001044639,3.1596544457408284,5.22137144080555,1.8779373417203373,green,summer,True,versicolor
5.547784604287723,2.984946119030061,3.198585546903553,0.7717374512368618,blue,fall,True,versicolor
6.407175376394614,3.4413207528066088,5.8211615235453475,1.1275733741566714,red,fall,True,versicolor
5.181739828369942,3.045691059464816,2.5550659387854235,1.4655842644552117,blue,winter,False,versicolor
5.6105451146079925,3.060120704584751,4.174290075780464,1.3523997438232531,red,winter,False,versicolor
5.411709161736717,2.8545551151144575,2.279910009458413,1.7675614537112314,green,fall,True,versicolor
5.8654993115090575,2.977221750511573,7.3467535172147596,0.8516109035441253,red,fall,False,virginica
7.651726853338807,3.1231207075568235,1.6810826876498286,1.6104846385408662,blue,summer,True,setosa
4.306187845926601,2.3159326429373497,4.226695207385947,0.9923626579328662,blue,spring,True,versicolor
6.349008152299611,2.4607258311577147,4.777420697584567,1.7910483847100025,blue,winter,False,versicolor
4.5098273030482785,3.297305637609086,4.403458465667547,1.6922939872104428,red,fall,False,versicolor
5.422454507368453,3.0683461752511767,3.385010979907896,0.4516490383643237,green,winter,True,versicolor
6.671160477573893,2.9264066654589285,3.4793048104531756,2.068785692940026,green,winter,True,versicolor
5.85142401527637,3.007373573226157,3.7744795023644864,0.7712292439087616,red,fall,False,versicolor
4.937804177656555,3.1390326821446686,3.4500965972315694,1.846446238624916,blue,summer,True,versicolor
5.2277570325920255,2.7840961278762553,5.3385944985513465,1.4938298507210725,green,winter,False,versicolor
6.343678199147741,2.688678109839075,7.457889102705297,2.670546941436098,blue,summer,True,virginica
5.215706694626291,3.0783381020390728,2.752263965486683,1.0212272141025183,red,fall,False,setosa
5.97316687166558,2.6086508889539872,1.371334934715568,0.9205465631054419,blue,spring,True,setosa
5.836457471923051,3.163301102285789,3.549920517802867,1.1844643152898138,green,spring,True,versicolor
5.278719721915346,2.3189665583048638,8.085505874012341,0.9574561737325796,green,winter,False,virginica
7.5151552714602605,3.4116622549302575,2.333753234451458,1.83995352155364,blue,fall,True,versicolor
6.307135217854409,3.189038992965217,6.486498569254914,-0.09304848674927046,red,summer,True,versicolor
4.179885930673914,3.1024118937255505,6.552091383929949,0.35705406468291667,blue,winter,False,virginica
5.949163451815542,3.3930763935782053,2.7588999890964097,0.34575766273664543,red,fall,True,setosa
5.270570828185289,3.6661897777850307,4.667271234614969,1.9602460735788605,,fall,True,versicolor
6.481946667836979,3.4057480260072523,6.468274259318514,2.56849069806554,green,summer,True,virginica
5.1659834092538395,2.263650307467342,3.055482840321272,1.1164406251700227,red,winter,False,versicolor
5.70821084682648,2.4881692133057194,3.353913387825985,1.0649426214479916,red,fall,False,versicolor
6.203989823184365,2.7500725689217287,2.711142446287306,1.2560417304905451,red,fall,False,versicolor
6.492604155336097,3.0104364200843334,1.9749135578221266,2.1295026420865524,green,fall,True,versicolor
4.839762874355379,3.2070636081876494,2.596228173387788,0.45811749264754065,blue,summer,True,versicolor
5.532399011327241,2.709702474738614,1.6193015465041642,1.390695186187828,green,winter,True,setosa
5.420043751071235,3.0747067057908315,3.7579418960406845,1.9801581038259437,red,winter,True,versicolor
5.2773366139410305,2.697846827058671,2.3910455072003094,1.6008753359518761,blue,winter,False,setosa
7.212363392224877,2.755392878803221,4.097436050044271,1.3516652932789948,green,winter,True,versicolor
6.123985368768764,,1.0549774014538338,2.000836874053713,red,spring,True,setosa
4.791292836531964,2.6307067015556385,4.262496394764577,-0.96258583439939,red,spring,True,versicolor
6.53428955764382,2.4593261577534666,5.116999234735172,1.742300255624726,green,winter,False,versicolor
7.497724957610107,2.609650698809067,0.3106494076285262,0.6767394534980609,green,summer,True,setosa
6.625972208440917,3.4214567186431357,4.335896168740873,-0.2645063174851656,green,spring,True,versicolor
4.584504027236789,,5.787037287204597,1.6089620796199846,red,fall,True,virginica
5.412612741706999,4.052952825934956,1.643610268224951,2.298926836130366,green,spring,True,versicolor
6.813528919349298,3.197327160352356,6.5433730576240965,1.0900411882978465,,fall,True,virginica
5.233864427504975,3.0739344494779495,4.412332315922277,1.9622996377623512,green,winter,False,versicolor
6.155055542516982,2.6566568879275145,2.501479845210705,2.4898226063909163,red,spring,True,versicolor
6.41970724274347,3.2801239517635965,3.6051925679819,2.251931562867238,red,summer,True,versicolor
5.058455622737533,2.7697448695048905,4.649155751286928,2.5119716234971143,blue,spring,True,versicolor
5.75237971515056,3.0488039258581447,3.8292091654010996,1.7937019928575137,green,spring,True,versicolor
3.2069861279447416,4.024033815307518,4.615885187158828,1.2603469111212742,green,spring,True,versicolor
4.980489886932568,2.96157604011014,2.1348548917650776,-0.08157264951773491,red,winter,True,setosa
5.597945478885472,3.4597093305142703,3.987913400861333,1.003150009496041,red,summer,True,versicolor
4.80177345442812,2.718729429949645,1.296685355261534,0.5254027237470466,red,spring,True,setosa
7.105929043145308,2.986004603801215,3.51091569570721,2.936754173998251,blue,summer,True,versicolor
4.655886897631493,3.708320254254204,2.1633570095098573,1.0592913500541306,blue,winter,True,setosa
5.447964410642413,2.749213176884893,2.449599097597397,1.2985638454275885,red,fall,False,setosa
5.904592461828873,3.7249794231987714,5.801358397857744,1.641188300832374,green,spring,False,virginica
6.953018631252892,3.28310077418219,5.555227205010257,1.234881957097963,green,summer,False,versicolor
4.651310279056448,2.7750132896422928,4.735534805542201,2.5560408323446024,blue,summer,False,virginica
6.730531001723968,3.252963095622208,1.843068300056616,0.7018805106124384,blue,winter,True,setosa
5.808186448815669,3.389021779850692,3.162105635518837,1.355685964189794,,spring,False,versicolor
5.014793079161639,3.2487239848868787,5.762266089964612,0.6060235314415613,green,fall,False,virginica
6.169682779410617,2.3719101120438175,3.9409187531878382,0.14398199102343523,red,summer,True,versicolor
5.959247756458776,2.7091451296700524,7.64286021796888,0.7105847272757716,blue,spring,False,virginica
5.319826498272964,2.900992545779398,4.368640326970432,1.1703705623612704,green,fall,False,versicolor
5.855841667992015,2.9702266283599816,4.026483498033054,0.8565582203861919,green,summer,True,versicolor
5.491749122510591,3.2482688390202714,3.174502010855748,0.6460632161009151,blue,summer,True,versicolor
5.8908138762009985,3.0710804003733014,3.9270195381298802,0.07494602906253278,red,fall,True,versicolor
6.329704539616837,2.4658622565159596,3.4408012781530757,1.1335155418970442,red,fall,False,versicolor
7.068813452916282,3.1520791404023853,4.903784750370604,-0.0037762992248018268,green,winter,False,versicolor
4.80974760093852,3.244234298113529,5.326393938550793,1.808044770951682,blue,spring,True,versicolor
7.506426699725013,3.223916179172416,2.363817917136486,1.2659518023476026,green,spring,True,setosa
4.2383297603819985,3.432312290221849,1.4369039789517775,0.03395880042805555,blue,winter,False,setosa
5.678571923971533,3.3335688618195616,0.5784508657243963,0.9526327383601092,red,summer,True,setosa
6.270653765187661,3.1836720316913745,4.563585255751324,0.5982748755275333,blue,fall,False,versicolor
6.024793494188026,2.971933715416541,1.824276769504415,1.4553396083353443,red,fall,True,setosa
5.301840384143524,2.3356156265936034,0.04008599198077922,2.2723603568185156,blue,fall,True,setosa
5.633502199714179,3.1718472876530344,4.360583627702639,-0.30013797571659584,green,summer,False,versicolor
5.405599252272934,3.0830750748652447,7.938099179635744,1.2920208633179338,red,fall,True,virginica
5.32850819444463,3.1086315348781492,3.6896794503821817,1.0718937635466876,green,fall,True,versicolor
6.47968167761682,2.489300569671876,5.125434316567791,1.7370720611603725,green,winter,True,versicolor
6.085612388772038,2.567577383836695,3.8391099095308605,1.3705573025901514,red,summer,False,versicolor
5.245672323791476,3.4212611413331615,3.5318875895750574,0.5984245346089446,red,spring,True,versicolor
6.519679900346601,2.984177938457338,5.262430021079207,0.9447568514667054,green,winter,True,versicolor
6.045839616701287,3.27260027894905,3.206533274879293,0.5631793145572087,green,winter,True,setosa
6.450289695071168,3.0113273504521842,4.1545669339222355,2.0608057108788786,green,spring,True,versicolor
6.303703073538889,3.0119024557982983,4.246886270533223,1.2170493189375537,green,winter,True,versicolor
5.136803991262342,,2.5642462288068173,2.7209525486024058,red,summer,True,versicolor
5.351855167842424,2.7935821087130503,5.386471994212089,1.1514713489483033,red,fall,False,versicolor
6.397834884098609,3.0384483107763933,3.4025684136178054,0.6332745864716297,green,summer,False,versicolor
6.288296212346772,2.815089884517983,2.4152332288621645,-0.010971514090261758,blue,spring,True,setosa
5.783278724828682,2.8262015090270736,4.612066734069686,-0.24251174100475614,blue,spring,False,versicolor
5.893861906647025,2.876331150612544,2.1726044309552366,-0.06730875440439199,red,winter,False,setosa
6.82213191663074,3.088853508653485,3.747907967527518,1.4137013208091866,green,summer,True,versicolor
5.326742888931336,2.808500551334609,3.684497705704854,1.6069800185839471,green,summer,False,versicolor
6.23767790493603,3.5023024502294082,5.546022461913683,-0.06495256162570695,red,spring,False,virginica
5.638245878052885,2.6421570791121987,4.50698699589592,1.9160306512608924,blue,summer,False,versicolor
5.625855037418224,2.9252513423354563,3.6574541701332555,0.8135511586532483,blue,spring,False,versicolor
6.679021481589752,2.82410757669033,5.090202708640488,1.3174344095884394,blue,summer,False,virginica
6.460333079190423,3.578791153741493,6.063352833329432,2.4897765026043395,red,summer,False,virginica
6.450807708800511,3.07862191060463,4.648277520798166,1.9174714526924255,blue,summer,False,versicolor
6.844383045723463,3.412737815787454,3.7175994537337473,0.9851754816753341,red,spring,False,versicolor
5.8168030733062075,2.4057758507852114,1.4698784050047289,0.48704621966776995,red,winter,True,setosa
6.345562377035971,3.1068201063477034,1.8893067727718669,-0.5214523210634441,green,summer,True,setosa
5.551786594725235,3.355852318249375,3.1811180025970653,0.6246773446060638,blue,spring,False,versicolor
6.059333081990753,3.03291359571017,2.663829256329219,1.0310958089378444,red,spring,False,versicolor
5.695885556505852,3.4261921500261403,3.382148784924742,0.4102563782790527,blue,summer,True,versicolor
5.877596771994174,2.793084619959851,3.7963048723250825,1.0949944263261562,blue,summer,False,versicolor
6.27612562034953,3.563738976074232,4.600477682406442,1.2614815063670146,green,winter,False,virginica
5.145423453413222,3.9195592494477003,3.580152077299545,1.020115214553537,blue,spring,True,versicolor
7.473909820548368,2.8548645758241364,4.527052794504543,0.6799979353412321,green,spring,True,versicolor
4.995186094800238,2.8217989914396915,3.8096065051772046,1.334923737573382,red,fall,True,versicolor
4.828649109769814,3.5813537908470803,0.3417068371984189,1.5535525196555273,blue,spring,False,setosa
6.726488698800054,3.631828858292285,2.103129830508118,0.32768073804572306,red,winter,False,setosa
6.433330155170348,2.790855989138693,3.455051155273254,2.328745903797016,blue,fall,True,versicolor
6.299295853641724,2.831925273161657,1.6435189371701173,1.1211294941725907,red,fall,True,setosa
6.302676407411424,2.8872861564557972,4.719878840993548,1.215079698355878,blue,fall,False,versicolor
5.790202581722468,2.462219795586289,6.302276414984286,1.7665715386052456,blue,summer,True,virginica
5.0821965028113345,2.632539221406321,5.771895147885438,1.3865729050108013,blue,summer,False,virginica
5.860643646554981,2.5983436932991726,3.3371471194186464,1.9625093071305961,blue,spring,False,versicolor
5.25827063079031,2.6928809739583484,6.234234432644918,1.4296993321614593,blue,fall,True,virginica
6.5800957867342005,2.9861260450452876,3.9527346772435896,0.7100501002876496,blue,winter,True,versicolor
5.6823540947982885,3.0936858930146083,3.1269538490993334,1.4892028201648813,,summer,False,versicolor
5.13960224256599,3.620200197125631,2.6572154719804026,0.2850190341434705,blue,winter,True,versicolor
5.542891326677605,2.6006583837044834,3.185801532970182,1.2868477646212184,blue,winter,True,versicolor
6.1303451634204995,3.3937289593906335,3.0400994084799113,1.1734160074844313,red,summer,True,setosa
5.34902035775682,2.9144044623097964,3.9897075780383293,1.0335065141819682,green,summer,True,versicolor
5.142223683546854,2.9802145161390268,3.97297576778477,1.0971699908488555,blue,summer,False,versicolor
5.994949769193529,3.2699277968666416,3.7051782342608046,-0.30547923639811136,green,summer,False,versicolor
5.995973256886978,2.5509111913750804,4.442794888568795,0.7610200738072308,blue,fall,False,versicolor
5.394445459703096,3.15296389847362,5.72409866713678,1.2742759209128918,blue,fall,False,versicolor
5.423169355505341,3.0665808832852224,5.31424203025025,1.3278851135979202,red,fall,True,versicolor
5.985639949886109,3.1969805056032596,1.1756734536351643,0.37785988725923336,red,fall,True,setosa
4.64153252680214,,-0.6416659293333229,2.2125662726917605,green,spring,False,setosa
4.674028980498756,3.9821200559643577,5.288343849106766,0.5070601214283992,red,fall,False,versicolor
5.225244622998051,,1.3763062126937844,1.9755657604213894,red,summer,True,setosa
5.629242278630522,2.787601217999273,3.317898816782438,1.5417554894973478,green,winter,False,versicolor
6.048726052478403,2.750743789430094,1.710807855699089,0.6830181521249575,red,fall,False,setosa
6.980284973559641,2.777809152335898,0.6366332561139667,2.6202487140876096,blue,spring,True,setosa
6.486127698561615,2.745045149077393,4.62048663794814,0.2450905345948159,green,summer,False,versicolor
5.672049176029258,3.4756066124430207,4.9905637725145,1.9353233388880011,green,winter,True,versicolor
5.784787033677849,3.568201699195942,2.7199323187645774,2.0004658544343825,blue,winter,True,versicolor
4.997976508289753,2.7717014825002093,-0.7047718966463465,0.6635038327386841,red,fall,False,setosa
5.785189491206088,2.6670577707583085,2.7713844379707795,2.313972240051463,green,winter,True,versicolor
5.569073088863889,3.1885662225545617,4.366066809184329,0.9999627883208377,green,fall,False,versicolor
6.058174848270472,,1.1858503330839811,1.4309549034238855,,fall,True,setosa
5.1382152451581415,3.2531727271022044,4.011711863624565,1.4082574710169766,blue,summer,False,versicolor
6.215477211392938,3.08116920834052,3.6739732564059078,1.0925530068235618,red,summer,False,versicolor
7.026191130402062,,4.6847955493218505,1.8486466185278256,green,spring,False,versicolor
5.7129918812345135,3.6190020805320247,3.9032866263040606,1.8347909764417705,red,summer,True,versicolor
6.121369377679153,3.7183510692382087,2.045782800501356,-0.19882557859054484,red,summer,True,setosa
6.35211519336889,2.7548845238062456,5.734171552829635,2.243472194302522,blue,fall,False,virginica
5.479023622491331,2.844919376025606,3.430499725854151,-0.12999359042853964,green,summer,True,versicolor
5.979273985448334,3.114346156289962,3.653582282833116,2.026036963473326,green,fall,False,versicolor
5.8100739206254355,3.13378271599481,2.113444469575567,2.1013641094620668,green,fall,False,versicolor
5.878140878839065,3.2634177090691323,2.946420172974433,0.3272268558278413,blue,summer,True,versicolor
5.181592172915627,3.8040818155065397,2.1958353861542688,0.8713485696363321,blue,spring,False,setosa
5.819608139407154,2.92922110900238,3.405991698130181,0.31543626521125134,blue,spring,True,versicolor
6.198398632996359,2.6806811021846184,6.609904416241983,1.0280631757690117,blue,winter,False,virginica
6.960914886236033,2.448272308794189,1.3677680570166943,0.9535725726514069,blue,winter,True,setosa
6.567416660868165,2.7076279840232322,0.9569456236095402,1.8237284258154718,green,summer,False,setosa
7.522545966009245,2.986749210850481,6.200989556739135,2.248246996895687,red,spring,False,versicolor
5.18612194968956,3.717823145407115,3.344149748841828,2.316547048631965,green,fall,True,versicolor
6.497856509376542,2.7929554803855314,2.562576344278142,0.7502655787373582,red,winter,False,versicolor
5.946673604590681,3.0895151806555594,5.46783796857333,1.0326225010043777,blue,fall,False,versicolor
7.551842346574138,2.9934308415708992,2.6704535824473314,-0.14675055377676038,red,winter,True,setosa
5.153361371715879,3.4753573093792336,6.804216513029791,0.555303946803049,green,summer,False,virginica
5.128222526255379,4.010772970349449,4.852473981276757,1.9718813064779661,green,spring,True,versicolor
5.320485883644782,,2.870550606152306,2.4924662588385855,red,winter,False,versicolor
4.1008834205521545,2.804224222992711,7.3674239625513565,0.21252090249606226,blue,spring,True,virginica
5.3793959826553905,3.417664350827629,2.670284630894325,0.7260285926776846,blue,fall,False,setosa
5.192693870757042,3.2727565958505247,4.961562132415822,1.1788753944328583,green,summer,False,versicolor
5.920315029180966,3.7386829302944133,4.208797386691036,1.4241289270556854,red,spring,False,versicolor
6.073404780621727,3.2335712741303855,5.912960191977957,0.552317184062683,blue,summer,True,versicolor
7.300936671372709,2.856283163685176,6.35456903443565,1.5392488355712717,blue,spring,True,virginica
6.5603390705488405,3.236261932276924,3.7544070534118035,0.820928522343267,green,fall,True,versicolor
5.338477075470077,3.4434814322331633,2.4191896204114887,1.1884381832973767,blue,fall,True,versicolor
5.081268262921314,3.3281928724789456,4.481952642996498,1.6370273984029597,red,summer,False,versicolor
6.193535337205205,3.202909612442919,2.54788387142142,1.2051378158487502,green,fall,False,versicolor
4.743813434383486,3.4266698758356617,7.12275832079526,0.8508912875787451,green,winter,True,virginica
7.265167012683483,3.467718236178269,3.932110062840654,1.1123121568593353,red,spring,True,versicolor
6.743552096577029,3.552863596415011,3.0789533627694157,1.1293096326357317,green,fall,True,versicolor
5.424659478316236,3.259483955035857,4.013956519970344,0.9039911760942978,blue,winter,False,versicolor
4.429492376727298,2.933152767873258,1.4098853077995162,0.9929631498663181,blue,summer,True,setosa
6.883097899332331,3.058685474573329,2.0482561345318926,2.4789177364037736,red,winter,True,versicolor
5.708368123797905,3.482603586603343,5.740703643505523,1.648735558352991,blue,summer,False,virginica
6.790253049578769,2.673225731605106,2.5832797257486275,0.9636157455766716,red,summer,False,versicolor
4.524457872964506,3.1474693235491604,1.9202513294407029,1.7575635236085885,red,spring,True,versicolor
5.320499981636981,2.8426644750690557,4.612309679296387,0.932944408195192,blue,spring,False,versicolor
5.804194959774546,3.011497929173927,5.715697062927095,2.138499710069313,red,winter,True,virginica
5.837584475011793,3.5113807450429197,4.922220628130614,1.495713753758475,blue,spring,False,versicolor
5.439947622816605,3.0764396272079613,5.393281065869888,1.114158284796617,green,spring,True,virginica
6.298279945877999,3.0185746192624596,2.413448349431917,1.558173540648222,green,spring,True,versicolor
4.9459036564939245,2.4560575436080323,1.282921866538866,-0.05670092165479956,red,winter,True,setosa
5.686096411982965,3.2985014264108883,6.252267208324327,0.2985860248721557,blue,fall,True,virginica
5.896236505369519,3.25819367245643,3.1514442739683695,0.2448599948807556,blue,spring,False,versicolor
6.211551067246999,3.865301889322184,3.27358387202642,1.3143544758109653,,spring,False,versicolor
6.369291902471112,2.8768887060187995,5.957930041143399,2.5860119995880737,green,winter,False,virginica
4.900286326529704,3.087660131065576,4.645591015981122,2.9850401169541056,blue,fall,False,virginica
4.572708663411502,3.099753473484302,4.475009212538733,1.7104408811526057,red,spring,True,versicolor
6.822141457518807,3.6309813119053898,7.380503986331843,1.6006755799555656,green,summer,True,virginica
6.065851209583673,2.961881787045219,2.606019008353757,-0.2408461873221912,red,winter,False,setosa
5.201210770754757,3.1116086103081355,5.277328217738104,0.7658609602127826,red,spring,False,versicolor
7.0409215804180185,3.2431586038866156,3.796922312325044,0.5697729984734088,green,spring,False,versicolor
5.8925397074342865,3.0746436492625433,4.156606874067537,0.7033219213991071,red,summer,False,versicolor
6.743437747251061,2.8214265541797885,6.298396324901304,1.0654849451321682,red,summer,False,virginica
5.854014785128087,3.077635997159323,4.56332078569236,0.8223275378422981,blue,winter,True,versicolor
7.4485983399055895,3.429452699943909,4.615103334384376,-0.38343984830063027,red,winter,True,versicolor
7.204272673954564,2.589393880235576,5.523262473426664,1.798328204894027,blue,summer,True,virginica
5.600828681216741,3.05318786965875,3.079580359777095,0.3418055794081547,green,winter,False,versicolor
6.577256760763484,2.7199516740243306,2.2733435655236893,1.3913974912889195,green,summer,False,setosa
6.316300759668118,3.478018651569937,1.9238243701642432,2.859266135799979,blue,spring,False,versicolor
6.894905246025878,2.39072523808649,0.3571937980607971,0.46449232673086116,green,summer,False,setosa
5.028061231535916,2.7764312610913646,7.195552120898547,-0.8242300181970641,red,summer,True,virginica
6.348841167998751,3.150884750025808,1.824545778273139,0.9711966224959113,red,fall,True,setosa
6.646739589479671,3.6262096116937363,3.323868839904188,2.0807677079988567,red,summer,False,versicolor
4.393008410861508,2.973699895570805,3.2294173901888352,2.766677963376475,green,summer,True,versicolor
4.853393189867379,2.7779201893227206,4.222591386275472,0.2163603244380664,red,fall,True,versicolor
4.168614257791919,3.752462827776236,5.0867532613168045,1.5973593785892173,green,winter,False,virginica
5.584474532444354,,5.162804930211568,0.8277516345759572,red,fall,False,versicolor
6.3740338046367695,2.120477617351967,2.708768354432805,1.1152413165566915,blue,spring,False,setosa
7.0018856416768225,3.176005780021333,3.4158930865631008,3.3154746776136275,green,fall,False,versicolor
5.85927582433582,2.7991783102589554,4.18038591583011,-0.00237626271612279,green,spring,False,versicolor
7.102892436457033,2.591506873147715,3.27722508548797,1.4029917291956586,red,winter,False,setosa
4.695918833428086,3.2833425789197412,6.432487479233988,1.5741545374123465,green,fall,True,virginica
4.437294048515876,3.0975202855084794,4.534657417785027,2.0686290599514776,green,fall,True,versicolor
5.755561840882705,2.7743685477053086,4.949292236284689,1.2783865227767164,blue,winter,False,versicolor
6.107252359151445,2.487878240531642,4.826898156734602,1.446440431603282,blue,spring,True,virginica
5.773844201524725,3.348982931312058,5.694905557725052,0.886681146062567,red,fall,False,versicolor
4.146046319968098,3.2600804711834646,4.007736649796302,1.4153015529960857,blue,spring,False,versicolor
5.728703968389769,2.960329654488247,1.4953856884750611,0.9254461796020715,,fall,False,setosa
4.756424399596117,3.7386547984190663,4.379469517979491,1.6972575118848408,red,summer,False,versicolor
6.33573803906403,2.571966093469539,2.592693280553891,0.9043117311650928,red,fall,True,versicolor
6.093278596877479,2.3897899316301046,2.8013516410254136,1.501680315121749,green,winter,False,versicolor
5.048096170938115,2.7232367720475024,4.696818831883658,1.1765897490520172,blue,winter,True,versicolor
5.388906466130645,2.981765593457801,5.805081221437181,2.1008402006177347,red,spring,False,virginica
4.952629182488838,3.0973357797290766,3.736161680451305,1.158885021129211,blue,fall,False,versicolor
5.7498567221814625,2.903505576857468,4.225016121418238,-0.21842597456550528,red,spring,False,versicolor
6.56411385640099,3.140822158605719,6.593765405879905,2.2095372005711935,blue,spring,True,virginica
5.011419162931565,2.4993842303238223,4.1092804051305665,0.4754141593099048,blue,summer,False,versicolor
6.203237212414275,3.577505841629304,8.122861294106672,0.676986929080944,red,summer,False,virginica
5.375793905302047,2.9671395286429725,4.661366397573625,0.7234709647652062,green,winter,False,versicolor
5.165701734190124,3.446918332635251,0.7067033094351101,2.299550474536654,blue,spring,True,setosa
5.714375712036354,3.1370901385510814,4.980680755877705,-0.5085393711829564,green,winter,True,versicolor
4.9718061420645006,3.1827012876615135,4.347969254300723,3.7101988269279955,green,fall,True,virginica
5.357080555722254,3.2279069120928816,5.892579681940667,2.0448454472528415,red,spring,False,virginica
4.841697685928921,3.179083424006926,4.844408297158929,1.3785911313033277,red,spring,True,versicolor
7.371780106333111,3.257089103947018,3.464624827227585,1.1560847995069707,red,fall,False,versicolor
5.828210841577382,3.5316610120529726,1.6186929983080787,1.4284432598861256,blue,fall,True,setosa
5.240219593605931,3.078608467880588,3.3446604626137573,1.6168979427034706,red,winter,True,versicolor
5.971183928587378,3.283601503035405,2.2541152278441903,1.7161724687600457,red,winter,False,versicolor
5.710137560247336,2.9641057222851095,2.7131101353319718,1.6444835728027587,blue,fall,True,versicolor
5.623224320373422,3.576046886179789,4.700583287515037,1.271664545004199,blue,winter,False,versicolor
6.29133336003474,2.729443079176292,6.538837657397391,1.042129263754139,red,fall,False,virginica
6.406006168037844,3.7203761731643263,4.370941600699068,1.0789813730771907,red,spring,True,versicolor
5.375599081911578,2.9839368197422624,1.666998794540187,1.044073375717855,red,spring,False,setosa
5.339345407484256,2.4276899591527807,4.455824535974239,2.1070160774936517,red,summer,False,versicolor
5.579958642278685,3.0512417659643156,5.734273527297606,1.6748453778246895,green,spring,True,virginica
3.9584630682115316,2.727579337010048,2.6633690626570505,-1.1523109077314244,green,fall,True,setosa
4.587847150241158,3.3362574195954897,3.47217081665604,1.7247206212238089,red,winter,False,versicolor
6.893499413955619,2.7389504082790435,3.7249699310396354,1.3557889557750198,green,summer,True,versicolor
7.115974170801027,2.821526626714088,2.365672867760192,1.185032994843282,blue,winter,False,versicolor
5.600771168354897,2.2441837076217874,4.802076737534561,0.8891852375288913,green,fall,False,versicolor
6.261245570444613,2.8190774723003695,3.4943881473667715,2.099290175988811,green,spring,True,versicolor
6.049000123634829,2.030448269348417,4.413205154641948,1.9580211696982863,red,summer,True,versicolor
8.26310464676419,2.3664388706057107,2.1912632977364304,0.5816978657411126,green,fall,True,versicolor
6.695659929147661,3.304165862457719,2.956320889450202,1.5256418296996281,green,summer,True,versicolor
5.697665926815387,3.314320063460333,4.928048308307211,0.4226746123669711,green,summer,False,versicolor
5.03556764751966,3.1701830247139857,3.0661836414439962,0.09630546816885555,green,spring,False,setosa
4.5148429437939415,2.6132095427483146,6.635838547096789,0.6986262203280278,blue,fall,True,versicolor
5.962770908693778,2.980915457543208,3.0206184844551762,1.889914777906207,red,winter,True,versicolor
5.194919403772557,2.9985589843637728,4.081964033778206,1.9625000363008693,red,summer,False,versicolor
4.662197032321861,,5.285404414184253,1.6104683360778345,blue,summer,False,versicolor
5.2827416926059785,3.60135932070686,1.2887782540138462,1.7800766294783976,green,winter,False,setosa
4.9347615971084835,3.3509449162302687,0.7066250196326811,1.6129426296919667,blue,fall,False,setosa
7.149713308058052,2.9116143304681343,1.1063842652308393,0.6868147238216381,green,summer,True,setosa
6.50531180555956,3.010754335597812,5.84639297582621,1.5455380357391526,,summer,False,virginica
5.793621886946706,3.083353123179021,2.761841151982841,1.840327620182146,red,summer,False,versicolor
6.9839553111120205,2.1833060526302837,8.048938785636029,1.8034330638508593,,fall,True,virginica
5.8618946461180945,,2.7407790822824394,2.151130697179714,red,fall,False,versicolor
5.110972638937389,,4.013737215434963,1.7666430777608508,green,winter,False,versicolor
7.018499261815726,2.5993519960420337,6.321586919365389,1.4811585660332662,green,fall,True,virginica
6.2311280349477265,2.887559882845618,7.110357909870509,2.056120190653142,blue,fall,True,virginica
4.9702030765388345,3.719074610739809,7.204556080281876,1.1787829926007518,blue,spring,True,virginica
5.647729057533113,3.256337144506804,5.754222592008342,0.4945002790178257,red,winter,False,versicolor
5.099505397292194,2.7715284040868813,5.440906293879486,1.0695464288449887,green,summer,False,virginica
4.693760215228531,3.2290331125424636,4.707295813642011,0.6040778841548406,blue,fall,True,versicolor
7.0184238851264205,3.2251876946762286,2.6002074779005246,1.1973004340712383,green,spring,True,versicolor
4.885623761735501,2.9260391454228043,6.019038730955535,1.3436654255516782,red,spring,True,virginica
6.980284973559641,2.777809152335898,0.6366332561139667,2.6202487140876096,blue,spring,True,setosa
6.9222354487488795,3.7528097985900137,4.785841377449614,1.9353831476601628,blue,spring,True,virginica
6.580436101697887,2.8316062076718946,3.06995563545362,0.9831011191659449,blue,fall,True,versicolor
7.651726853338807,3.1231207075568235,1.6810826876498286,1.6104846385408662,blue,summer,True,setosa
5.158178184622704,3.5422551435219805,3.4626976321362046,0.560646394679797,red,summer,True,versicolor
5.8100739206254355,3.13378271599481,2.113444469575567,2.1013641094620668,green,fall,False,versicolor
5.375793905302047,2.9671395286429725,4.661366397573625,0.7234709647652062,green,winter,False,versicolor
5.784787033677849,3.568201699195942,2.7199323187645774,2.0004658544343825,blue,winter,True,versicolor
